{"index":{"0":0,"1":1,"2":2,"3":3,"4":4,"5":5,"6":6,"7":7,"8":0,"9":1,"10":2,"11":3,"12":4,"13":5,"14":6,"15":7,"16":0,"17":1,"18":2,"19":3,"20":4,"21":5,"22":6,"23":7},"mean":{"0":-375.2327836272,"1":-504.2420295724,"2":-513.6650595037,"3":-1497.1876510691,"4":-2004.0208281823,"5":-2300.5144888014,"6":-2721.8375822216,"7":-4685.3829374313,"8":-384.0348984546,"9":-378.3773859677,"10":-482.2268331663,"11":-514.6975954008,"12":-629.2461484224,"13":-998.1037878676,"14":-1692.21277755,"15":-2364.8439798532,"16":-3123.3924781173,"17":-1054.8118236652,"18":-3016.1942839272,"19":-3108.8577076912,"20":-3168.7761076003,"21":-3102.6227084011,"22":-3121.6638138764,"23":-3698.9115441322},"std":{"0":8.6509164064,"1":7.8430177996,"2":6.7262198491,"3":53.9654843309,"4":48.6755051664,"5":18.4181798499,"6":170.1150773529,"7":0.79155548,"8":30.3947987573,"9":8.6783218959,"10":31.3100829817,"11":19.895857909,"12":16.0087886372,"13":129.9879925677,"14":113.853513912,"15":109.4126236496,"16":69.4454039223,"17":66.2215566058,"18":94.075583178,"19":68.1208788848,"20":80.8722125084,"21":66.5784236352,"22":51.8846221813,"23":148.2424621409},"min":{"0":-387.8593341239,"1":-513.82901085,"2":-521.4129001606,"3":-1543.246269308,"4":-2041.1249108389,"5":-2333.0311245322,"6":-2906.8156460524,"7":-4686.2666463852,"8":-436.4196374776,"9":-385.9873164947,"10":-519.1263844362,"11":-537.4855075276,"12":-648.4596073449,"13":-1206.6830086397,"14":-1786.7414848062,"15":-2527.570469291,"16":-3204.0248784423,"17":-1150.1372906057,"18":-3117.6805935204,"19":-3207.8229016066,"20":-3258.2230966836,"21":-3162.736813575,"22":-3170.2851401307,"23":-3864.3304357529},"max":{"0":-366.9721605492,"1":-496.8779459496,"2":-505.0509016947,"3":-1413.2689003851,"4":-1919.2270876132,"5":-2287.310450241,"6":-2458.2420462072,"7":-4684.345123291,"8":-363.7585066609,"9":-367.4206942357,"10":-445.1057178239,"11":-494.5472371761,"12":-610.9885947691,"13":-872.1110753502,"14":-1507.9800158265,"15":-2281.9646179761,"16":-3016.6508751102,"17":-988.1876048251,"18":-2896.6973168589,"19":-3045.0558665395,"20":-3057.700363785,"21":-2992.84509179,"22":-3041.3128785342,"23":-3529.3103474379},"alpha":{"0":0.05,"1":0.1,"2":0.15,"3":0.2,"4":0.25,"5":0.3,"6":0.35,"7":0.4,"8":0.05,"9":0.1,"10":0.15,"11":0.2,"12":0.25,"13":0.3,"14":0.35,"15":0.4,"16":0.05,"17":0.1,"18":0.15,"19":0.2,"20":0.25,"21":0.3,"22":0.35,"23":0.4},"agent":{"0":"HUCRL","1":"HUCRL","2":"HUCRL","3":"HUCRL","4":"HUCRL","5":"HUCRL","6":"HUCRL","7":"HUCRL","8":"RHUCRL","9":"RHUCRL","10":"RHUCRL","11":"RHUCRL","12":"RHUCRL","13":"RHUCRL","14":"RHUCRL","15":"RHUCRL","16":"baseline","17":"baseline","18":"baseline","19":"baseline","20":"baseline","21":"baseline","22":"baseline","23":"baseline"}}
