{"index":{"0":0,"1":1,"2":2,"3":3,"4":4,"5":5,"6":6,"7":7,"8":0,"9":1,"10":2,"11":3,"12":4,"13":5,"14":6,"15":7,"16":0,"17":1,"18":2,"19":3,"20":4,"21":5,"22":6,"23":7},"mean":{"0":-367.6468033069,"1":-491.0426468942,"2":-540.3149732936,"3":-990.3249618685,"4":-2147.2996416196,"5":-2391.6552599579,"6":-2975.898588562,"7":-3090.2620651007,"8":-363.2409724519,"9":-363.6347073968,"10":-505.4658006266,"11":-597.2974886274,"12":-616.6038658796,"13":-955.9596161593,"14":-1370.5889429282,"15":-2412.8851353439,"16":-4499.2077535629,"17":-4354.6661657333,"18":-4106.2595104218,"19":-4837.8338249207,"20":-4090.6436927795,"21":-4670.6920488358,"22":-3608.7350800514,"23":-3383.7508570671},"std":{"0":7.6156557483,"1":7.396657135,"2":67.413354243,"3":507.9669822752,"4":46.0809578671,"5":48.265802928,"6":4.0438758079,"7":4.1083996328,"8":5.5618985851,"9":7.2008352726,"10":33.5239124504,"11":18.1992948434,"12":38.9488397453,"13":102.571969449,"14":455.5555607041,"15":97.3899310693,"16":0.7992392301,"17":1.8091961792,"18":0.1705923078,"19":0.3851336411,"20":0.6246670643,"21":0.55211686,"22":0.1522030701,"23":0.6842686374},"min":{"0":-380.8665795102,"1":-503.4867827232,"2":-615.0685511528,"3":-1865.1452495158,"4":-2199.2269033343,"5":-2448.7317686975,"6":-2981.8024076223,"7":-3094.4749603271,"8":-373.0458070222,"9":-375.8300666194,"10":-564.8024204734,"11":-614.8653299136,"12":-685.0504228011,"13":-1085.5779500883,"14":-2168.5980808981,"15":-2502.3057063102,"16":-4500.5348968506,"17":-4356.6446862221,"18":-4106.4456224442,"19":-4838.1987571716,"20":-4091.0980687141,"21":-4671.2503061295,"22":-3608.9436135292,"23":-3384.3565244675},"max":{"0":-361.9609899953,"1":-484.0432572533,"2":-484.7974661365,"3":-609.1982639766,"4":-2104.9944500029,"5":-2329.6994456202,"6":-2971.0374161005,"7":-3084.8262767792,"8":-359.7275056175,"9":-356.578641211,"10":-486.1340838922,"11":-566.3803383663,"12":-593.4170421242,"13":-798.3911743663,"14":-1071.3449866153,"15":-2268.1005670613,"16":-4498.5376405716,"17":-4352.4715156555,"18":-4106.0487089157,"19":-4837.2635765076,"20":-4089.612493515,"21":-4669.9885921478,"22":-3608.5605502129,"23":-3382.6486310959},"alpha":{"0":0.05,"1":0.1,"2":0.15,"3":0.2,"4":0.25,"5":0.3,"6":0.35,"7":0.4,"8":0.05,"9":0.1,"10":0.15,"11":0.2,"12":0.25,"13":0.3,"14":0.35,"15":0.4,"16":0.05,"17":0.1,"18":0.15,"19":0.2,"20":0.25,"21":0.3,"22":0.35,"23":0.4},"agent":{"0":"HUCRL","1":"HUCRL","2":"HUCRL","3":"HUCRL","4":"HUCRL","5":"HUCRL","6":"HUCRL","7":"HUCRL","8":"RHUCRL","9":"RHUCRL","10":"RHUCRL","11":"RHUCRL","12":"RHUCRL","13":"RHUCRL","14":"RHUCRL","15":"RHUCRL","16":"baseline","17":"baseline","18":"baseline","19":"baseline","20":"baseline","21":"baseline","22":"baseline","23":"baseline"}}
