{"mass":{"0":0.5,"1":0.65,"2":0.8,"3":0.95,"4":1.1,"5":1.25,"6":1.4,"7":1.55,"8":1.7,"9":1.85,"10":2.0,"11":0.5,"12":0.65,"13":0.8,"14":0.95,"15":1.1,"16":1.25,"17":1.4,"18":1.55,"19":1.7,"20":1.85,"21":2.0,"22":0.5,"23":0.65,"24":0.8,"25":0.95,"26":1.1,"27":1.25,"28":1.4,"29":1.55,"30":1.7,"31":1.85,"32":2.0},"mean":{"0":-217.3519639567,"1":-235.4270035841,"2":-242.3440721602,"3":-377.609747138,"4":-369.700655914,"5":-508.2336212219,"6":-507.3717657866,"7":-546.3680484855,"8":-669.4391744139,"9":-1129.0342491657,"10":-1589.0289527104,"11":-226.8692513232,"12":-256.2747146453,"13":-344.7355666084,"14":-349.6250016035,"15":-363.5133829817,"16":-373.0515358283,"17":-495.5198513278,"18":-496.2934036212,"19":-543.1166145682,"20":-615.8651870851,"21":-637.3909441185,"22":-3451.2845872879,"23":-3489.8997319221,"24":-3520.5153921127,"25":-3535.8742938995,"26":-3549.730325985,"27":-3563.3300614357,"28":-3574.7199948311,"29":-3586.9509040833,"30":-3600.8723928452,"31":-3614.8067863464,"32":-3629.4804692268},"std":{"0":9.3488100205,"1":21.3884169845,"2":5.3845934403,"3":4.724754964,"4":2.2938971068,"5":10.5296979062,"6":2.0033250028,"7":81.1421092537,"8":60.8436090061,"9":117.4928044202,"10":136.2548764399,"11":5.2806457897,"12":39.9012006952,"13":9.3461097216,"14":9.8956022601,"15":4.255146076,"16":5.8796635596,"17":2.2457763208,"18":9.7442111852,"19":55.254314373,"20":29.4308089543,"21":5.0046883526,"22":0.3352054305,"23":0.1148001782,"24":0.2061952419,"25":0.5496105357,"26":0.7398994911,"27":0.8031128087,"28":1.2722662211,"29":1.5146098991,"30":2.8610031906,"31":3.1303583974,"32":2.6841922866},"min":{"0":-233.1646157474,"1":-273.3641590666,"2":-251.131895028,"3":-384.8211109632,"4":-373.3958725453,"5":-524.8859928675,"6":-509.5499922886,"7":-691.4257716003,"8":-778.2277693979,"9":-1261.0721928095,"10":-1785.1680283397,"11":-236.2772998774,"12":-327.4801214067,"13":-356.5867946008,"14":-360.9820800265,"15":-368.5511065458,"16":-381.5509612123,"17":-497.8506995364,"18":-506.1855674669,"19":-610.34080664,"20":-641.6607485501,"21":-643.3319990816,"22":-3451.7590870857,"23":-3490.0214772224,"24":-3520.7605233192,"25":-3536.5623998642,"26":-3550.5374293327,"27":-3564.0814204216,"28":-3576.3076415062,"29":-3588.304713726,"30":-3604.131251812,"31":-3618.0362210274,"32":-3632.7818293571},"max":{"0":-211.2519455721,"1":-222.6357092338,"2":-237.6979906513,"3":-371.6151141695,"4":-367.4676646736,"5":-498.7230185943,"6":-504.6449779686,"7":-506.8499340789,"8":-640.2334675559,"9":-938.3943552328,"10":-1438.5694733374,"11":-224.1081991557,"12":-234.4386277746,"13":-336.02382592,"14":-340.4071808343,"15":-358.3561121822,"16":-365.47198603,"17":-492.5685387977,"18":-479.9464639978,"19":-498.9303714683,"20":-568.9874566361,"21":-632.8390368012,"22":-3450.9012050629,"23":-3489.7475829124,"24":-3520.2497472763,"25":-3535.2307662964,"26":-3548.7988119125,"27":-3562.1641039848,"28":-3573.142788887,"29":-3584.7894134521,"30":-3597.3985762596,"31":-3610.4506239891,"32":-3626.1173605919},"alpha":{"0":0.5,"1":0.65,"2":0.8,"3":0.95,"4":1.1,"5":1.25,"6":1.4,"7":1.55,"8":1.7,"9":1.85,"10":2.0,"11":0.5,"12":0.65,"13":0.8,"14":0.95,"15":1.1,"16":1.25,"17":1.4,"18":1.55,"19":1.7,"20":1.85,"21":2.0,"22":0.5,"23":0.65,"24":0.8,"25":0.95,"26":1.1,"27":1.25,"28":1.4,"29":1.55,"30":1.7,"31":1.85,"32":2.0},"agent":{"0":"HUCRL","1":"HUCRL","2":"HUCRL","3":"HUCRL","4":"HUCRL","5":"HUCRL","6":"HUCRL","7":"HUCRL","8":"HUCRL","9":"HUCRL","10":"HUCRL","11":"RHUCRL","12":"RHUCRL","13":"RHUCRL","14":"RHUCRL","15":"RHUCRL","16":"RHUCRL","17":"RHUCRL","18":"RHUCRL","19":"RHUCRL","20":"RHUCRL","21":"RHUCRL","22":"baseline","23":"baseline","24":"baseline","25":"baseline","26":"baseline","27":"baseline","28":"baseline","29":"baseline","30":"baseline","31":"baseline","32":"baseline"}}
